<?xml version="1.0" ?>
<codeBook xmlns:xsi="http://www.w3.org/2001/XMLSchema-instance" xmlns="ddi:codebook:2_5" xsi:schemaLocation="ddi:codebook:2_5 http://www.ddialliance.org/Specification/DDI-Codebook/2.5/XMLSchema/codebook.xsd" version="2.5">
  <stdyDscr>
    <citation>
      <titlStmt>
        <titl/>
      </titlStmt>
    </citation>
  </stdyDscr>
  <fileDscr>
    <fileTxt>
      <fileName>bap</fileName>
      <fileCitation>
        <titlStmt>
          <titl xml:lang="en">Data from individual questionnaires 2010</titl>
        </titlStmt>
      </fileCitation>
    </fileTxt>
    <notes>
      <ExtLink URI=""/>
    </notes>
  </fileDscr>
  <dataDscr>
    <var name="bap87">
      <labl xml:lang="en">Current Health</labl>
      <catgry>
        <catValu>-2</catValu>
        <labl xml:lang="en"/>
      </catgry>
      <catgry>
        <catValu>-1</catValu>
        <labl xml:lang="en"/>
      </catgry>
      <catgry>
        <catValu>1</catValu>
        <labl xml:lang="en">Very good</labl>
      </catgry>
      <catgry>
        <catValu>2</catValu>
        <labl xml:lang="en">Good</labl>
      </catgry>
      <catgry>
        <catValu>3</catValu>
        <labl xml:lang="en">Satisfactory</labl>
      </catgry>
      <catgry>
        <catValu>4</catValu>
        <labl xml:lang="en">Poor</labl>
      </catgry>
      <catgry>
        <catValu>5</catValu>
        <labl xml:lang="en">Bad</labl>
      </catgry>
      <varFormat type="numeric"/>
      <notes>
        <ExtLink URI=""/>
      </notes>
    </var>
    <var name="bap9201">
      <labl xml:lang="en">hours of sleep, normal workday</labl>
      <catgry>
        <catValu>-2</catValu>
        <labl xml:lang="en">Does not apply</labl>
      </catgry>
      <catgry>
        <catValu>-1</catValu>
        <labl xml:lang="en">No Answer</labl>
      </catgry>
      <varFormat type="numeric"/>
      <notes>
        <ExtLink URI=""/>
      </notes>
    </var>
    <var name="bap9001">
      <labl xml:lang="en"/>
      <catgry>
        <catValu>-2</catValu>
        <labl xml:lang="en">Does not apply</labl>
      </catgry>
      <catgry>
        <catValu>-1</catValu>
        <labl xml:lang="en">No Answer</labl>
      </catgry>
      <catgry>
        <catValu>1</catValu>
        <labl xml:lang="en">Always</labl>
      </catgry>
      <catgry>
        <catValu>2</catValu>
        <labl xml:lang="en">Often</labl>
      </catgry>
      <catgry>
        <catValu>3</catValu>
        <labl xml:lang="en">Sometimes</labl>
      </catgry>
      <catgry>
        <catValu>4</catValu>
        <labl xml:lang="en">Almost Never</labl>
      </catgry>
      <catgry>
        <catValu>5</catValu>
        <labl xml:lang="en">Never</labl>
      </catgry>
      <varFormat type="numeric"/>
      <notes>
        <ExtLink URI=""/>
      </notes>
    </var>
    <var name="bap9002">
      <labl xml:lang="en">Run-down, Melancholy Last 4 Weeks</labl>
      <catgry>
        <catValu>-2</catValu>
        <labl xml:lang="en">Does not apply</labl>
      </catgry>
      <catgry>
        <catValu>-1</catValu>
        <labl xml:lang="en">No Answer</labl>
      </catgry>
      <catgry>
        <catValu>1</catValu>
        <labl xml:lang="en">Always</labl>
      </catgry>
      <catgry>
        <catValu>2</catValu>
        <labl xml:lang="en">Often</labl>
      </catgry>
      <catgry>
        <catValu>3</catValu>
        <labl xml:lang="en">Sometimes</labl>
      </catgry>
      <catgry>
        <catValu>4</catValu>
        <labl xml:lang="en">Almost Never</labl>
      </catgry>
      <catgry>
        <catValu>5</catValu>
        <labl xml:lang="en">Never</labl>
      </catgry>
      <varFormat type="numeric"/>
      <notes>
        <ExtLink URI=""/>
      </notes>
    </var>
    <var name="bap9003">
      <labl xml:lang="en">Well-balanced Last 4 Weeks</labl>
      <catgry>
        <catValu>-2</catValu>
        <labl xml:lang="en">Does not apply</labl>
      </catgry>
      <catgry>
        <catValu>-1</catValu>
        <labl xml:lang="en">No Answer</labl>
      </catgry>
      <catgry>
        <catValu>1</catValu>
        <labl xml:lang="en">Always</labl>
      </catgry>
      <catgry>
        <catValu>2</catValu>
        <labl xml:lang="en">Often</labl>
      </catgry>
      <catgry>
        <catValu>3</catValu>
        <labl xml:lang="en">Sometimes</labl>
      </catgry>
      <catgry>
        <catValu>4</catValu>
        <labl xml:lang="en">Almost Never</labl>
      </catgry>
      <catgry>
        <catValu>5</catValu>
        <labl xml:lang="en">Never</labl>
      </catgry>
      <varFormat type="numeric"/>
      <notes>
        <ExtLink URI=""/>
      </notes>
    </var>
    <var name="bap96">
      <labl xml:lang="en">Height</labl>
      <catgry>
        <catValu>-2</catValu>
        <labl xml:lang="en">Does not apply</labl>
      </catgry>
      <catgry>
        <catValu>-1</catValu>
        <labl xml:lang="en">No Answer</labl>
      </catgry>
      <varFormat type="numeric"/>
      <notes>
        <ExtLink URI=""/>
      </notes>
    </var>
    <var name="name">
      <labl xml:lang="en">Firstname</labl>
      <catgry>
        <catValu>-2</catValu>
        <labl xml:lang="en">Does not apply</labl>
      </catgry>
      <catgry>
        <catValu>-1</catValu>
        <labl xml:lang="en">No Answer</labl>
      </catgry>
      <varFormat type="character"/>
      <notes>
        <ExtLink URI=""/>
      </notes>
    </var>
  </dataDscr>
</codeBook>
